{
  "accuracy": 0.7878787878787878,
  "precision": 0.8707485827644716,
  "recall": 0.7878787878787878,
  "f1_score": 0.808701974320423
}